customer_id,tier,mrr,start_date,churn_date,churned,payment_failures,feature_usage_score
cus_1000,Starter,29,2024-02-24,,False,2.0,4.8
cus_1001,Enterprise,299,2023-12-14,,False,0.0,8.8
cus_1002,Enterprise,299,2024-03-29,,False,3.0,4.5
cus_1003,Growth,79,2023-06-19,,False,0.0,7.3
cus_1004,Growth,79,2023-11-13,,False,0.0,6.4
cus_1005,Starter,29,2023-03-29,2024-03-09,True,3.0,2.8
cus_1006,Growth,79,2023-02-24,,False,1.0,8.7
cus_1007,Growth,79,2024-05-02,,False,1.0,7.6
cus_1008,Starter,29,2024-06-28,2024-08-06,True,1.0,3.8
cus_1009,Starter,29,2023-07-30,2024-08-24,True,2.0,2.3
cus_1010,Growth,79,2024-03-30,2025-01-27,True,1.0,3.3
cus_1011,Growth,79,2024-02-16,,False,0.0,6.8
cus_1012,Starter,29,2023-01-24,2023-05-26,True,5.0,3.4
cus_1013,Starter,29,2024-06-24,2024-12-02,True,4.0,2.1
cus_1014,Starter,29,2023-04-12,,False,0.0,9.6
cus_1015,Starter,29,2023-07-07,2023-09-20,True,1.0,4.1
cus_1016,Starter,29,2024-02-22,,False,0.0,4.4
cus_1017,Starter,29,2023-11-30,2024-12-29,True,1.0,4.8
cus_1018,Starter,29,2024-02-04,2024-05-16,True,1.0,5.3
cus_1019,Starter,29,2023-11-28,2025-04-23,True,1.0,4.2
cus_1020,Growth,79,2023-05-04,2023-10-03,True,1.0,4.1
cus_1021,Growth,79,2023-08-31,,False,0.0,4.7
cus_1022,Growth,79,2024-01-30,,False,0.0,8.1
cus_1023,Starter,29,2023-11-22,,False,2.0,7.5
cus_1024,Starter,29,2024-05-10,2025-04-29,True,0.0,4.6
cus_1025,Starter,29,2023-01-20,2024-06-26,True,0.0,4.6
cus_1026,Growth,79,2023-04-14,,False,0.0,5.5
cus_1027,Growth,79,2023-05-09,,False,1.0,9.1
cus_1028,Starter,29,2023-03-27,,False,0.0,8.3
cus_1029,Growth,79,2023-05-26,,False,1.0,6.1
cus_1030,Enterprise,299,2023-09-09,,False,0.0,6.7
cus_1031,Starter,29,2024-04-07,2025-06-27,True,2.0,2.2
cus_1032,Starter,29,2023-10-24,,False,0.0,6.2
cus_1033,Starter,29,2023-03-03,,False,1.0,6.5
cus_1034,Starter,29,2023-09-14,,False,1.0,9.3
cus_1035,Starter,29,2023-12-26,,False,0.0,6.0
cus_1036,Starter,29,2024-06-06,2024-09-26,True,3.0,2.7
cus_1037,Growth,79,2023-03-13,,False,0.0,7.9
cus_1038,Starter,29,2023-05-06,,False,0.0,9.8
cus_1039,Growth,79,2023-10-14,,False,1.0,5.0
cus_1040,Starter,29,2024-05-31,,False,0.0,9.6
cus_1041,Starter,29,2023-12-17,,False,2.0,4.2
cus_1042,Enterprise,299,2024-04-08,,False,1.0,8.8
cus_1043,Growth,79,2023-11-26,,False,0.0,8.7
cus_1044,Starter,29,2023-12-03,2024-12-21,True,2.0,3.9
cus_1045,Starter,29,2023-01-03,,False,0.0,5.3
cus_1046,Starter,29,2023-01-10,,False,1.0,4.2
cus_1047,Starter,29,2024-05-15,,False,1.0,6.3
cus_1048,Growth,79,2023-03-21,,False,5.0,4.5
cus_1049,Enterprise,299,2024-03-31,,False,0.0,9.6
cus_1050,Starter,29,2024-01-21,,False,0.0,7.0
cus_1051,Starter,29,2023-07-01,,False,0.0,7.3
cus_1052,Growth,79,2023-01-09,2023-08-16,True,2.0,4.7
cus_1053,Enterprise,299,2024-03-31,2025-05-15,True,4.0,3.6
cus_1054,Starter,29,2023-10-15,,False,0.0,6.8
cus_1055,Growth,79,2023-07-16,2024-06-24,True,2.0,3.2
cus_1056,Growth,79,2023-08-15,,False,0.0,9.0
cus_1057,Starter,29,2024-01-07,2024-10-15,True,1.0,2.2
cus_1058,Enterprise,299,2023-08-03,2025-01-17,True,1.0,4.8
cus_1059,Growth,79,2024-02-10,2024-07-31,True,2.0,3.3
cus_1060,Growth,79,2024-05-20,2024-09-26,True,3.0,1.6
cus_1061,Growth,79,2023-06-29,2023-10-02,True,1.0,4.7
cus_1062,Growth,79,2023-05-11,,False,2.0,6.2
cus_1063,Growth,79,2023-08-22,,False,0.0,7.0
cus_1064,Growth,79,2023-10-08,2024-10-19,True,5.0,4.3
cus_1065,Starter,29,2024-06-29,,False,1.0,6.7
cus_1066,Growth,79,2024-04-09,2024-12-13,True,2.0,3.8
cus_1067,Growth,79,2023-02-23,,False,1.0,4.8
cus_1068,Starter,29,2024-02-21,2025-03-05,True,2.0,4.9
cus_1069,Growth,79,2024-05-22,,False,0.0,7.5
cus_1070,Growth,79,2023-08-18,2024-12-30,True,1.0,2.3
cus_1071,Starter,29,2024-04-04,2024-11-20,True,1.0,2.6
cus_1072,Starter,29,2023-03-25,,False,0.0,6.5
cus_1073,Growth,79,2023-08-20,,False,4.0,7.5
cus_1074,Starter,29,2023-03-18,,False,1.0,8.6
cus_1075,Starter,29,2023-12-04,2024-11-18,True,4.0,5.4
cus_1076,Growth,79,2023-01-29,,False,0.0,4.7
cus_1077,Growth,79,2023-12-09,,False,0.0,7.3
cus_1078,Starter,29,2024-04-29,2024-11-19,True,5.0,4.7
cus_1079,Growth,79,2023-12-08,,False,0.0,4.2
cus_1080,Starter,29,2023-03-16,,False,0.0,8.1
cus_1081,Growth,79,2023-04-08,,False,4.0,4.8
cus_1082,Growth,79,2023-03-29,,False,2.0,9.5
cus_1083,Enterprise,299,2024-01-22,,False,2.0,6.1
cus_1084,Growth,79,2023-03-08,,False,0.0,7.3
cus_1085,Starter,29,2024-03-28,2025-03-05,True,3.0,1.6
cus_1086,Growth,79,2023-03-09,2023-05-06,True,4.0,5.5
cus_1087,Growth,79,2023-10-29,,False,0.0,7.7
cus_1088,Starter,29,2024-02-25,2025-01-26,True,5.0,1.2
cus_1089,Growth,79,2023-01-11,,False,1.0,6.1
cus_1090,Starter,29,2024-03-14,,False,0.0,6.5
cus_1091,Growth,79,2023-12-14,,False,0.0,9.0
cus_1092,Growth,79,2023-01-27,,False,0.0,6.9
cus_1093,Starter,29,2023-07-17,2023-08-22,True,1.0,1.9
cus_1094,Growth,79,2023-03-11,,False,1.0,9.5
cus_1095,Growth,79,2023-05-10,,False,2.0,4.5
cus_1096,Starter,29,2024-03-07,,False,2.0,7.6
cus_1097,Growth,79,2023-07-10,,False,0.0,7.9
cus_1098,Growth,79,2023-03-03,2024-01-26,True,2.0,3.2
cus_1099,Starter,29,2024-01-02,2025-04-29,True,2.0,3.9
cus_1100,Growth,79,2023-05-30,2023-12-04,True,5.0,1.5
cus_1101,Growth,79,2023-10-26,,False,0.0,6.0
cus_1102,Starter,29,2023-05-29,2024-03-13,True,2.0,5.5
cus_1103,Growth,79,2023-02-25,,False,0.0,9.1
cus_1104,Starter,29,2023-07-25,,False,0.0,5.9
cus_1105,Starter,29,2023-03-12,2024-03-17,True,2.0,1.9
cus_1106,Starter,29,2024-04-23,,False,0.0,8.9
cus_1107,Starter,29,2023-12-10,,False,1.0,9.9
cus_1108,Starter,29,2023-06-16,2024-10-06,True,1.0,3.6
cus_1109,Growth,79,2023-02-13,,False,0.0,7.7
cus_1110,Enterprise,299,2023-08-17,,False,0.0,5.7
cus_1111,Starter,29,2023-08-07,2024-09-16,True,1.0,2.4
cus_1112,Growth,79,2023-12-06,,False,0.0,9.3
cus_1113,Starter,29,2024-02-14,2025-08-03,True,1.0,5.6
cus_1114,Starter,29,2023-01-11,2023-02-25,True,5.0,4.8
cus_1115,Growth,79,2023-05-26,,False,2.0,8.0
cus_1116,Starter,29,2024-01-04,2024-02-18,True,1.0,2.0
cus_1117,Starter,29,2023-10-18,2025-02-12,True,4.0,4.8
cus_1118,Starter,29,2023-06-28,2024-05-06,True,0.0,5.5
cus_1119,Starter,29,2023-07-20,2024-10-23,True,5.0,3.7
cus_1120,Starter,29,2023-04-14,2024-04-24,True,3.0,1.0
cus_1121,Starter,29,2023-04-24,2023-09-08,True,4.0,1.1
cus_1122,Starter,29,2023-09-03,,False,0.0,9.7
cus_1123,Starter,29,2023-06-25,,False,0.0,8.4
cus_1124,Enterprise,299,2024-03-20,,False,0.0,9.0
cus_1125,Starter,29,2023-05-28,,False,0.0,4.7
cus_1126,Starter,29,2023-07-14,2024-02-22,True,3.0,5.2
cus_1127,Growth,79,2023-11-22,,False,0.0,6.6
cus_1128,Enterprise,299,2023-09-08,,False,0.0,9.2
cus_1129,Growth,79,2023-07-13,,False,5.0,8.4
cus_1130,Starter,29,2023-06-02,2023-07-29,True,1.0,2.8
cus_1131,Growth,79,2023-10-14,,False,0.0,8.8
cus_1132,Enterprise,299,2024-05-15,,False,1.0,6.0
cus_1133,Starter,29,2024-04-26,,False,0.0,5.7
cus_1134,Growth,79,2023-06-21,,False,1.0,7.1
cus_1135,Growth,79,2024-06-05,,False,1.0,8.2
cus_1136,Growth,79,2023-07-03,,False,0.0,9.5
cus_1137,Starter,29,2024-05-09,,False,0.0,9.6
cus_1138,Starter,29,2023-10-02,,False,1.0,5.9
cus_1139,Growth,79,2023-02-07,,False,1.0,8.0
cus_1140,Enterprise,299,2024-04-07,,False,2.0,4.2
cus_1141,Starter,29,2023-11-10,,False,1.0,4.0
cus_1142,Starter,29,2023-06-10,,False,0.0,6.3
cus_1143,Starter,29,2023-03-28,2023-06-09,True,5.0,4.4
cus_1144,Starter,29,2024-06-15,,False,0.0,4.9
cus_1145,Growth,79,2024-04-21,,False,1.0,8.4
cus_1146,Starter,29,2024-04-06,,False,0.0,5.2
cus_1147,Starter,29,2024-05-24,2025-01-04,True,4.0,5.8
cus_1148,Starter,29,2024-03-28,2025-03-23,True,4.0,4.7
cus_1149,Starter,29,2023-03-26,2024-01-06,True,0.0,1.3
cus_1150,Growth,79,2023-03-22,,False,0.0,5.3
cus_1151,Enterprise,299,2023-04-11,,False,0.0,6.5
cus_1152,Starter,29,2023-07-25,2024-08-03,True,1.0,2.9
cus_1153,Starter,29,2023-11-06,,False,0.0,7.8
cus_1154,Growth,79,2023-10-09,2024-09-12,True,2.0,4.3
cus_1155,Enterprise,299,2023-09-25,2024-03-26,True,1.0,2.5
cus_1156,Starter,29,2023-12-21,,False,0.0,5.8
cus_1157,Starter,29,2024-02-20,,False,0.0,8.8
cus_1158,Growth,79,2023-01-13,,False,0.0,6.1
cus_1159,Growth,79,2023-06-02,,False,0.0,4.6
cus_1160,Starter,29,2023-08-03,,False,0.0,9.3
cus_1161,Growth,79,2024-04-24,,False,1.0,5.7
cus_1162,Starter,29,2023-03-29,2023-08-02,True,5.0,2.6
cus_1163,Starter,29,2024-03-03,2024-11-18,True,3.0,1.6
cus_1164,Enterprise,299,2023-01-31,,False,0.0,5.9
cus_1165,Growth,79,2023-05-12,,False,0.0,8.2
cus_1166,Growth,79,2024-05-26,,False,1.0,8.6
cus_1167,Growth,79,2023-12-14,,False,0.0,8.8
cus_1168,Starter,29,2024-02-18,,False,0.0,6.5
cus_1169,Growth,79,2023-11-03,,False,0.0,5.7
cus_1170,Starter,29,2023-02-02,,False,0.0,9.3
cus_1171,Starter,29,2023-12-05,,False,1.0,4.4
cus_1172,Growth,79,2024-02-05,,False,1.0,5.6
cus_1173,Starter,29,2024-02-05,2024-09-19,True,2.0,3.0
cus_1174,Starter,29,2023-04-22,2024-09-25,True,2.0,3.0
cus_1175,Starter,29,2023-11-08,2024-01-30,True,5.0,2.3
cus_1176,Growth,79,2023-07-01,2024-07-17,True,3.0,2.7
cus_1177,Growth,79,2023-01-28,2023-04-03,True,4.0,2.5
cus_1178,Enterprise,299,2024-01-31,,False,0.0,7.4
cus_1179,Starter,29,2024-06-20,2024-08-18,True,1.0,2.0
cus_1180,Starter,29,2023-01-12,2024-04-26,True,3.0,5.7
cus_1181,Enterprise,299,2024-02-05,,False,1.0,6.0
cus_1182,Starter,29,2024-03-04,,False,1.0,4.1
cus_1183,Starter,29,2023-07-31,2023-12-13,True,3.0,5.0
cus_1184,Starter,29,2024-05-01,2025-03-21,True,0.0,4.5
cus_1185,Enterprise,299,2023-07-27,,False,2.0,8.6
cus_1186,Growth,79,2023-10-10,,False,0.0,7.9
cus_1187,Enterprise,299,2024-04-01,2024-11-21,True,2.0,2.8
cus_1188,Growth,79,2023-09-10,,False,0.0,4.9
cus_1189,Enterprise,299,2024-05-17,,False,0.0,9.2
cus_1190,Growth,79,2023-04-04,,False,0.0,8.8
cus_1191,Enterprise,299,2024-04-12,,False,2.0,6.0
cus_1192,Growth,79,2023-11-01,,False,0.0,8.4
cus_1193,Growth,79,2023-06-29,,False,2.0,4.2
cus_1194,Starter,29,2024-03-18,,False,0.0,9.6
cus_1195,Enterprise,299,2023-07-07,,False,0.0,6.4
cus_1196,Starter,29,2023-02-14,2024-06-03,True,2.0,1.8
cus_1197,Starter,29,2023-10-26,,False,0.0,5.4
cus_1198,Starter,29,2023-08-11,,False,1.0,5.5
cus_1199,Starter,29,2023-05-05,,False,0.0,4.7
cus_1200,Starter,29,2023-04-18,,False,1.0,7.9
cus_1201,Growth,79,2024-02-24,,False,0.0,8.4
cus_1202,Starter,29,2024-06-02,2024-07-15,True,1.0,1.4
cus_1203,Starter,29,2024-04-17,,False,0.0,8.3
cus_1204,Growth,79,2023-07-19,,False,1.0,6.5
cus_1205,Starter,29,2023-04-28,,False,0.0,9.0
cus_1206,Starter,29,2024-04-20,,False,1.0,4.9
cus_1207,Starter,29,2023-09-06,,False,1.0,8.8
cus_1208,Starter,29,2024-04-27,,False,0.0,7.6
cus_1209,Growth,79,2023-06-24,,False,0.0,5.9
cus_1210,Growth,79,2023-07-01,,False,0.0,4.1
cus_1211,Growth,79,2024-02-05,2025-02-12,True,1.0,2.0
cus_1212,Growth,79,2023-10-07,2024-05-07,True,1.0,4.3
cus_1213,Starter,29,2023-02-05,,False,0.0,5.7
cus_1214,Growth,79,2024-03-28,,False,0.0,9.8
cus_1215,Growth,79,2024-06-19,,False,0.0,6.9
cus_1216,Growth,79,2023-04-16,,False,2.0,7.2
cus_1217,Starter,29,2023-02-23,,False,0.0,4.1
cus_1218,Starter,29,2024-01-22,,False,0.0,6.4
cus_1219,Enterprise,299,2024-01-19,,False,0.0,7.3
cus_1220,Starter,29,2023-01-17,,False,0.0,5.3
cus_1221,Enterprise,299,2023-12-12,,False,3.0,6.4
cus_1222,Growth,79,2023-03-06,,False,0.0,6.2
cus_1223,Enterprise,299,2023-06-21,,False,0.0,7.9
cus_1224,Starter,29,2024-06-08,2024-12-22,True,2.0,5.0
cus_1225,Starter,29,2023-07-14,,False,3.0,4.6
cus_1226,Enterprise,299,2024-02-09,,False,0.0,9.2
cus_1227,Starter,29,2023-08-07,2024-02-18,True,2.0,2.2
cus_1228,Starter,29,2024-02-16,,False,0.0,7.7
cus_1229,Starter,29,2023-08-06,,False,0.0,8.3
cus_1230,Starter,29,2023-10-13,,False,0.0,5.4
cus_1231,Starter,29,2023-03-10,,False,1.0,5.5
cus_1232,Starter,29,2024-05-26,,False,0.0,6.0
cus_1233,Starter,29,2023-06-25,2023-09-11,True,1.0,2.6
cus_1234,Growth,79,2024-02-02,,False,0.0,6.4
cus_1235,Enterprise,299,2023-05-17,,False,0.0,8.1
cus_1236,Growth,79,2023-11-22,,False,1.0,8.8
cus_1237,Growth,79,2023-03-11,,False,0.0,5.9
cus_1238,Growth,79,2024-04-04,,False,1.0,5.9
cus_1239,Growth,79,2023-08-27,,False,1.0,7.1
cus_1240,Growth,79,2023-01-14,,False,2.0,10.0
cus_1241,Growth,79,2023-05-08,,False,0.0,4.6
cus_1242,Growth,79,2023-09-07,,False,1.0,6.3
cus_1243,Starter,29,2024-01-19,,False,1.0,5.0
cus_1244,Starter,29,2024-01-20,2024-03-09,True,3.0,1.8
cus_1245,Starter,29,2024-03-30,,False,0.0,9.8
cus_1246,Starter,29,2023-10-12,2024-12-17,True,0.0,3.1
cus_1247,Growth,79,2024-06-17,,False,0.0,8.8
cus_1248,Starter,29,2023-10-23,,False,0.0,8.5
cus_1249,Starter,29,2023-12-06,2024-04-19,True,2.0,3.0
cus_1250,Growth,79,2023-09-12,,False,0.0,6.6
cus_1251,Growth,79,2023-08-16,,False,0.0,9.5
cus_1252,Starter,29,2023-11-26,2024-11-12,True,3.0,3.6
cus_1253,Starter,29,2024-05-18,2024-09-23,True,3.0,2.9
cus_1254,Starter,29,2023-05-25,,False,1.0,4.8
cus_1255,Starter,29,2023-06-27,,False,0.0,5.2
cus_1256,Growth,79,2023-07-29,,False,1.0,8.3
cus_1257,Starter,29,2024-04-23,2025-05-27,True,2.0,2.3
cus_1258,Starter,29,2024-03-10,2024-08-14,True,2.0,5.7
cus_1259,Starter,29,2024-04-04,,False,2.0,8.3
cus_1260,Starter,29,2024-05-07,2025-10-16,True,4.0,1.7
cus_1261,Starter,29,2024-01-22,2024-10-03,True,2.0,5.1
cus_1262,Starter,29,2024-03-19,,False,0.0,6.5
cus_1263,Growth,79,2024-05-08,2024-12-19,True,1.0,1.3
cus_1264,Starter,29,2023-03-27,,False,3.0,5.9
cus_1265,Enterprise,299,2023-06-06,,False,0.0,8.2
cus_1266,Starter,29,2024-01-25,,False,0.0,6.0
cus_1267,Starter,29,2024-01-20,,False,0.0,6.8
cus_1268,Starter,29,2023-12-08,2024-09-03,True,1.0,2.8
cus_1269,Starter,29,2023-07-14,2024-10-27,True,2.0,2.1
cus_1270,Growth,79,2024-01-19,,False,1.0,9.6
cus_1271,Enterprise,299,2024-02-09,,False,0.0,8.9
cus_1272,Starter,29,2024-05-16,2025-11-02,True,4.0,3.9
cus_1273,Growth,79,2024-02-23,,False,0.0,7.7
cus_1274,Enterprise,299,2023-05-08,,False,0.0,5.5
cus_1275,Growth,79,2023-07-18,,False,0.0,8.0
cus_1276,Enterprise,299,2023-12-23,,False,0.0,4.9
cus_1277,Starter,29,2024-01-13,,False,1.0,5.7
cus_1278,Growth,79,2024-03-10,,False,0.0,4.6
cus_1279,Starter,29,2023-02-05,,False,1.0,7.5
cus_1280,Starter,29,2023-01-29,,False,1.0,6.0
cus_1281,Growth,79,2023-09-25,,False,1.0,7.6
cus_1282,Enterprise,299,2023-05-31,,False,0.0,8.8
cus_1283,Growth,79,2023-06-15,2024-08-12,True,4.0,4.3
cus_1284,Starter,29,2024-01-29,,False,0.0,5.0
cus_1285,Growth,79,2023-03-24,,False,1.0,9.9
cus_1286,Starter,29,2024-03-09,2024-11-12,True,0.0,5.0
cus_1287,Starter,29,2023-11-06,,False,0.0,5.0
cus_1288,Growth,79,2024-01-27,,False,2.0,5.9
cus_1289,Growth,79,2023-04-02,2024-02-19,True,4.0,1.3
cus_1290,Growth,79,2023-12-19,,False,0.0,6.6
cus_1291,Starter,29,2023-08-03,,False,1.0,6.0
cus_1292,Starter,29,2023-11-12,2024-03-07,True,2.0,1.6
cus_1293,Growth,79,2023-01-02,2024-03-03,True,2.0,2.9
cus_1294,Growth,79,2024-06-21,,False,0.0,6.8
cus_1295,Starter,29,2024-03-17,2024-10-24,True,2.0,3.6
cus_1296,Starter,29,2023-05-18,2023-09-18,True,2.0,5.4
cus_1297,Growth,79,2023-04-23,,False,1.0,9.7
cus_1298,Growth,79,2023-07-10,,False,2.0,9.0
cus_1299,Growth,79,2023-07-16,,False,1.0,9.0
cus_1300,Enterprise,299,2024-02-23,,False,0.0,6.9
cus_1301,Enterprise,299,2023-04-22,,False,1.0,8.1
cus_1302,Starter,29,2023-10-28,2024-01-29,True,2.0,3.2
cus_1303,Starter,29,2023-12-17,2024-05-15,True,2.0,1.1
cus_1304,Starter,29,2023-04-14,2023-09-27,True,2.0,3.3
cus_1305,Growth,79,2023-01-08,,False,1.0,8.4
cus_1306,Growth,79,2023-02-12,2023-12-06,True,1.0,3.8
cus_1307,Growth,79,2024-01-20,,False,5.0,9.6
cus_1308,Enterprise,299,2023-09-30,,False,0.0,5.1
cus_1309,Starter,29,2023-12-12,,False,1.0,4.1
cus_1310,Starter,29,2023-12-18,,False,0.0,7.2
cus_1311,Growth,79,2024-01-05,,False,0.0,5.9
cus_1312,Starter,29,2023-02-28,,False,0.0,6.2
cus_1313,Enterprise,299,2023-04-13,2024-07-31,True,1.0,5.6
cus_1314,Growth,79,2023-05-23,2023-08-23,True,3.0,1.2
cus_1315,Enterprise,299,2023-10-14,,False,0.0,6.9
cus_1316,Growth,79,2023-09-12,,False,0.0,8.2
cus_1317,Growth,79,2024-05-01,,False,0.0,7.8
cus_1318,Growth,79,2023-01-04,,False,3.0,8.9
cus_1319,Enterprise,299,2023-11-26,2024-06-27,True,4.0,5.6
cus_1320,Enterprise,299,2023-11-30,,False,5.0,7.8
cus_1321,Starter,29,2024-05-11,,False,0.0,6.8
cus_1322,Growth,79,2023-03-25,,False,2.0,8.5
cus_1323,Enterprise,299,2024-05-02,,False,1.0,4.2
cus_1324,Enterprise,299,2023-04-13,,False,0.0,9.4
cus_1325,Starter,29,2023-07-19,,False,0.0,8.4
cus_1326,Enterprise,299,2024-05-31,2025-03-11,True,4.0,1.7
cus_1327,Growth,79,2023-11-05,,False,0.0,9.1
cus_1328,Enterprise,299,2024-04-23,,False,0.0,7.8
cus_1329,Starter,29,2023-04-29,,False,0.0,4.6
cus_1330,Growth,79,2023-09-07,,False,0.0,9.9
cus_1331,Growth,79,2023-04-02,2024-09-21,True,1.0,4.1
cus_1332,Growth,79,2023-06-14,,False,0.0,9.0
cus_1333,Starter,29,2024-01-28,,False,1.0,5.9
cus_1334,Starter,29,2023-09-21,,False,1.0,9.4
cus_1335,Enterprise,299,2023-05-07,,False,0.0,9.7
cus_1336,Enterprise,299,2024-05-18,,False,0.0,9.6
cus_1337,Growth,79,2023-08-18,,False,0.0,9.0
cus_1338,Growth,79,2023-03-08,,False,1.0,4.4
cus_1339,Starter,29,2024-01-26,,False,1.0,7.0
cus_1340,Growth,79,2024-03-23,,False,1.0,4.5
cus_1341,Starter,29,2023-04-29,2023-07-25,True,2.0,2.4
cus_1342,Starter,29,2023-07-12,,False,0.0,7.0
cus_1343,Starter,29,2024-01-12,2024-07-20,True,1.0,4.7
cus_1344,Enterprise,299,2023-01-02,,False,1.0,4.0
cus_1345,Growth,79,2023-07-14,,False,0.0,6.1
cus_1346,Enterprise,299,2023-11-24,,False,0.0,7.4
cus_1347,Growth,79,2023-05-10,,False,1.0,7.4
cus_1348,Growth,79,2023-08-16,2023-09-19,True,2.0,1.6
cus_1349,Growth,79,2024-04-16,,False,0.0,8.4
cus_1350,Growth,79,2023-10-31,,False,0.0,7.5
cus_1351,Starter,29,2024-04-11,2024-10-03,True,5.0,4.8
cus_1352,Starter,29,2023-02-05,,False,1.0,5.3
cus_1353,Starter,29,2023-05-07,2024-08-13,True,2.0,1.4
cus_1354,Growth,79,2024-05-04,,False,1.0,5.5
cus_1355,Starter,29,2023-10-26,,False,1.0,7.9
cus_1356,Starter,29,2023-12-08,2025-01-07,True,5.0,2.0
cus_1357,Starter,29,2023-08-19,,False,1.0,4.8
cus_1358,Starter,29,2023-07-03,,False,0.0,8.2
cus_1359,Growth,79,2023-11-03,,False,0.0,4.8
cus_1360,Growth,79,2023-06-13,,False,0.0,5.4
cus_1361,Growth,79,2023-12-12,,False,0.0,9.3
cus_1362,Starter,29,2023-12-23,,False,0.0,5.8
cus_1363,Starter,29,2024-06-24,,False,1.0,5.6
cus_1364,Starter,29,2023-07-19,,False,0.0,7.5
cus_1365,Growth,79,2023-04-10,2024-05-29,True,2.0,4.2
cus_1366,Growth,79,2023-02-25,,False,0.0,7.8
cus_1367,Growth,79,2024-04-13,,False,1.0,4.2
cus_1368,Growth,79,2024-03-28,,False,1.0,6.3
cus_1369,Starter,29,2023-05-29,2024-08-12,True,2.0,2.1
cus_1370,Growth,79,2023-01-10,,False,1.0,6.1
cus_1371,Enterprise,299,2023-04-15,,False,1.0,8.8
cus_1372,Enterprise,299,2023-06-01,,False,0.0,8.2
cus_1373,Enterprise,299,2023-06-22,,False,0.0,9.0
cus_1374,Starter,29,2024-04-30,2024-06-25,True,3.0,1.5
cus_1375,Starter,29,2024-06-11,,False,1.0,5.5
cus_1376,Growth,79,2023-06-02,,False,0.0,4.2
cus_1377,Starter,29,2023-02-04,2023-09-25,True,1.0,4.3
cus_1378,Starter,29,2023-06-26,,False,0.0,4.8
cus_1379,Starter,29,2023-04-02,,False,0.0,6.2
cus_1380,Enterprise,299,2024-01-27,,False,0.0,7.5
cus_1381,Growth,79,2024-01-12,2024-04-10,True,0.0,4.5
cus_1382,Starter,29,2024-05-15,,False,1.0,9.2
cus_1383,Enterprise,299,2023-08-19,2024-07-07,True,0.0,3.1
cus_1384,Enterprise,299,2024-05-06,,False,0.0,7.9
cus_1385,Growth,79,2023-07-05,,False,0.0,9.5
cus_1386,Enterprise,299,2024-03-20,,False,0.0,6.8
cus_1387,Starter,29,2023-11-30,2025-04-08,True,1.0,1.1
cus_1388,Enterprise,299,2023-07-09,,False,1.0,6.7
cus_1389,Growth,79,2024-02-08,,False,0.0,6.6
cus_1390,Growth,79,2024-06-26,,False,0.0,9.0
cus_1391,Growth,79,2023-05-08,,False,0.0,6.2
cus_1392,Starter,29,2023-05-01,2024-04-01,True,2.0,4.4
cus_1393,Growth,79,2023-01-06,,False,0.0,9.8
cus_1394,Growth,79,2023-05-06,2024-03-25,True,4.0,4.8
cus_1395,Starter,29,2023-06-15,2023-11-23,True,5.0,3.5
cus_1396,Enterprise,299,2023-02-05,,False,0.0,8.6
cus_1397,Starter,29,2023-11-02,,False,3.0,6.4
cus_1398,Growth,79,2024-03-09,,False,0.0,7.1
cus_1399,Growth,79,2023-09-12,,False,2.0,9.3
cus_1400,Enterprise,299,2024-06-15,,False,3.0,9.7
cus_1401,Starter,29,2024-06-30,,False,0.0,9.8
cus_1402,Growth,79,2023-11-17,,False,1.0,4.8
cus_1403,Enterprise,299,2023-12-27,,False,0.0,9.8
cus_1404,Growth,79,2023-04-12,,False,3.0,5.9
cus_1405,Starter,29,2023-02-07,2023-08-09,True,3.0,5.0
cus_1406,Enterprise,299,2023-08-09,,False,0.0,5.0
cus_1407,Growth,79,2023-08-10,,False,0.0,4.9
cus_1408,Starter,29,2024-03-08,2024-08-15,True,4.0,2.5
cus_1409,Starter,29,2023-06-17,,False,0.0,5.4
cus_1410,Starter,29,2023-09-18,,False,0.0,4.5
cus_1411,Enterprise,299,2023-05-27,,False,0.0,8.1
cus_1412,Starter,29,2023-10-03,,False,1.0,6.2
cus_1413,Growth,79,2023-07-17,,False,0.0,6.1
cus_1414,Growth,79,2024-06-07,,False,0.0,8.1
cus_1415,Starter,29,2023-06-07,2024-08-13,True,3.0,5.6
cus_1416,Starter,29,2023-01-27,,False,1.0,9.0
cus_1417,Starter,29,2023-10-04,2023-12-29,True,3.0,4.8
cus_1418,Growth,79,2024-02-21,2025-02-12,True,0.0,1.6
cus_1419,Starter,29,2023-12-08,,False,1.0,4.8
cus_1420,Starter,29,2023-08-20,2023-11-08,True,3.0,5.5
cus_1421,Starter,29,2023-08-16,,False,1.0,8.4
cus_1422,Starter,29,2023-05-07,2024-06-12,True,2.0,3.0
cus_1423,Enterprise,299,2024-05-16,,False,0.0,6.9
cus_1424,Starter,29,2023-10-16,,False,1.0,7.5
cus_1425,Growth,79,2023-02-19,2024-07-17,True,1.0,4.0
cus_1426,Growth,79,2023-07-05,,False,1.0,6.2
cus_1427,Growth,79,2024-06-28,,False,0.0,8.9
cus_1428,Enterprise,299,2024-02-17,,False,1.0,8.5
cus_1429,Starter,29,2023-01-10,,False,2.0,7.9
cus_1430,Growth,79,2023-05-10,2024-03-25,True,1.0,1.9
cus_1431,Growth,79,2023-02-24,,False,0.0,6.6
cus_1432,Growth,79,2024-01-15,,False,0.0,7.9
cus_1433,Starter,29,2024-03-04,,False,0.0,5.7
cus_1434,Starter,29,2023-12-29,,False,0.0,8.9
cus_1435,Growth,79,2023-10-10,,False,0.0,9.8
cus_1436,Growth,79,2023-08-23,,False,0.0,5.0
cus_1437,Enterprise,299,2023-11-09,,False,1.0,9.0
cus_1438,Starter,29,2023-04-03,,False,0.0,4.5
cus_1439,Starter,29,2023-09-03,,False,1.0,4.6
cus_1440,Starter,29,2023-02-28,2023-08-23,True,4.0,5.0
cus_1441,Growth,79,2024-05-19,,False,0.0,5.9
cus_1442,Starter,29,2024-03-10,,False,0.0,6.3
cus_1443,Enterprise,299,2023-05-20,,False,0.0,6.9
cus_1444,Growth,79,2024-06-29,,False,3.0,6.4
cus_1445,Starter,29,2023-07-14,,False,1.0,5.8
cus_1446,Growth,79,2024-03-11,,False,0.0,7.8
cus_1447,Growth,79,2023-09-08,,False,1.0,8.8
cus_1448,Growth,79,2024-06-24,,False,0.0,6.2
cus_1449,Starter,29,2024-04-04,,False,0.0,6.0
cus_1450,Growth,79,2024-06-20,,False,0.0,6.2
cus_1451,Starter,29,2024-01-11,,False,1.0,9.9
cus_1452,Growth,79,2023-02-22,,False,0.0,6.3
cus_1453,Starter,29,2024-01-18,,False,1.0,4.9
cus_1454,Starter,29,2023-09-13,,False,0.0,9.6
cus_1455,Enterprise,299,2023-05-01,,False,0.0,5.2
cus_1456,Starter,29,2023-09-29,2024-11-09,True,4.0,4.6
cus_1457,Growth,79,2024-02-08,,False,0.0,4.3
cus_1458,Starter,29,2024-06-11,,False,0.0,4.7
cus_1459,Starter,29,2024-04-19,,False,0.0,6.2
cus_1460,Growth,79,2023-02-28,,False,2.0,8.1
cus_1461,Growth,79,2023-12-03,,False,0.0,6.0
cus_1462,Starter,29,2023-12-25,,False,0.0,8.9
cus_1463,Starter,29,2023-12-30,2024-09-05,True,2.0,1.9
cus_1464,Starter,29,2023-03-28,,False,0.0,4.1
cus_1465,Enterprise,299,2024-02-25,,False,0.0,7.8
cus_1466,Starter,29,2023-06-09,,False,0.0,6.1
cus_1467,Starter,29,2024-04-26,,False,0.0,8.4
cus_1468,Starter,29,2024-03-14,,False,0.0,4.5
cus_1469,Growth,79,2023-10-03,2024-06-13,True,0.0,4.6
cus_1470,Growth,79,2024-03-25,2024-10-22,True,3.0,3.2
cus_1471,Growth,79,2023-01-06,,False,0.0,9.8
cus_1472,Enterprise,299,2023-07-23,,False,1.0,5.5
cus_1473,Starter,29,2023-05-17,,False,1.0,9.0
cus_1474,Growth,79,2023-02-02,2023-06-13,True,3.0,3.6
cus_1475,Enterprise,299,2023-09-30,,False,0.0,4.5
cus_1476,Starter,29,2024-05-22,,False,0.0,4.9
cus_1477,Growth,79,2023-11-29,,False,3.0,7.8
cus_1478,Growth,79,2024-02-14,,False,2.0,6.3
cus_1479,Enterprise,299,2024-02-03,,False,4.0,4.5
cus_1480,Enterprise,299,2023-01-22,,False,2.0,8.5
cus_1481,Starter,29,2023-01-14,,False,0.0,4.1
cus_1482,Starter,29,2023-12-17,,False,3.0,5.5
cus_1483,Growth,79,2023-01-09,,False,1.0,9.3
cus_1484,Starter,29,2024-05-12,2025-01-16,True,4.0,3.2
cus_1485,Starter,29,2023-06-06,,False,0.0,5.1
cus_1486,Starter,29,2023-10-15,,False,0.0,5.8
cus_1487,Enterprise,299,2023-09-11,,False,0.0,9.1
cus_1488,Starter,29,2024-04-30,,False,0.0,8.8
cus_1489,Growth,79,2024-05-29,,False,0.0,6.8
cus_1490,Starter,29,2023-06-02,2023-09-07,True,3.0,3.2
cus_1491,Starter,29,2023-10-08,,False,1.0,8.7
cus_1492,Enterprise,299,2024-03-12,2024-07-22,True,1.0,4.4
cus_1493,Starter,29,2023-02-22,,False,1.0,9.5
cus_1494,Growth,79,2023-08-25,,False,1.0,5.6
cus_1495,Starter,29,2023-03-04,,False,0.0,4.1
cus_1496,Growth,79,2023-11-08,2024-06-11,True,2.0,1.6
cus_1497,Starter,29,2023-12-26,,False,0.0,7.6
cus_1498,Starter,29,2023-02-18,2023-03-20,True,5.0,2.6
cus_1499,Starter,29,2023-11-26,2024-08-23,True,1.0,1.1
cus_1500,Starter,29,2023-04-14,,False,0.0,4.4
cus_1501,Starter,29,2024-05-18,,False,0.0,8.3
cus_1502,Starter,29,2023-04-10,,False,1.0,7.5
cus_1503,Growth,79,2023-05-14,,False,1.0,6.0
cus_1504,Growth,79,2024-01-06,,False,0.0,9.6
cus_1505,Growth,79,2024-01-16,,False,0.0,6.0
cus_1506,Starter,29,2024-01-29,2024-04-22,True,2.0,3.2
cus_1507,Starter,29,2023-05-04,2024-10-10,True,2.0,4.7
cus_1508,Enterprise,299,2023-07-15,,False,0.0,8.2
cus_1509,Starter,29,2023-04-12,2024-02-15,True,3.0,2.3
cus_1510,Growth,79,2023-11-05,,False,0.0,9.1
cus_1511,Enterprise,299,2023-07-26,,False,3.0,7.8
cus_1512,Starter,29,2023-05-11,2024-03-17,True,2.0,2.7
cus_1513,Growth,79,2023-12-22,,False,0.0,9.9
cus_1514,Starter,29,2023-05-01,,False,0.0,5.8
cus_1515,Starter,29,2024-03-05,,False,0.0,8.0
cus_1516,Enterprise,299,2023-01-23,,False,0.0,7.7
cus_1517,Starter,29,2023-05-13,2024-10-13,True,1.0,2.8
cus_1518,Growth,79,2023-07-14,,False,0.0,10.0
cus_1519,Starter,29,2024-06-29,,False,0.0,9.8
cus_1520,Enterprise,299,2023-06-19,,False,0.0,6.9
cus_1521,Growth,79,2024-02-04,,False,0.0,9.5
cus_1522,Starter,29,2023-07-08,2024-05-25,True,1.0,4.0
cus_1523,Starter,29,2023-01-10,,False,1.0,4.6
cus_1524,Growth,79,2024-04-11,,False,0.0,10.0
cus_1525,Growth,79,2023-09-23,,False,0.0,5.1
cus_1526,Starter,29,2023-10-02,,False,0.0,8.7
cus_1527,Starter,29,2023-02-16,,False,1.0,6.4
cus_1528,Starter,29,2023-06-01,,False,0.0,8.5
cus_1529,Starter,29,2023-05-17,2024-07-24,True,2.0,4.0
cus_1530,Starter,29,2023-09-12,,False,0.0,6.2
cus_1531,Starter,29,2023-04-29,2023-11-22,True,1.0,5.4
cus_1532,Growth,79,2024-01-13,,False,3.0,8.6
cus_1533,Enterprise,299,2023-09-28,,False,0.0,7.2
cus_1534,Starter,29,2023-10-29,2023-12-27,True,2.0,5.3
cus_1535,Growth,79,2023-01-11,,False,0.0,6.8
cus_1536,Starter,29,2023-10-14,2025-03-24,True,4.0,3.2
cus_1537,Starter,29,2023-04-19,,False,2.0,5.1
cus_1538,Growth,79,2023-09-21,,False,0.0,7.2
cus_1539,Growth,79,2023-07-31,,False,0.0,6.8
cus_1540,Starter,29,2023-10-03,2024-09-19,True,1.0,5.5
cus_1541,Growth,79,2024-02-09,2024-07-06,True,2.0,4.3
cus_1542,Growth,79,2024-03-20,,False,3.0,6.5
cus_1543,Enterprise,299,2023-04-06,,False,1.0,7.7
cus_1544,Starter,29,2023-06-30,2024-04-06,True,1.0,4.1
cus_1545,Enterprise,299,2023-07-04,,False,5.0,7.6
cus_1546,Starter,29,2023-06-16,,False,1.0,9.7
cus_1547,Growth,79,2023-07-12,2023-09-16,True,2.0,2.2
cus_1548,Starter,29,2024-04-10,,False,0.0,6.8
cus_1549,Enterprise,299,2023-04-13,,False,0.0,6.2
cus_1550,Starter,29,2023-01-13,,False,1.0,9.3
cus_1551,Starter,29,2023-01-22,2023-02-27,True,3.0,3.8
cus_1552,Growth,79,2023-02-14,2024-04-13,True,4.0,5.3
cus_1553,Starter,29,2023-05-27,,False,0.0,6.2
cus_1554,Growth,79,2023-01-10,,False,2.0,5.1
cus_1555,Starter,29,2023-12-13,,False,2.0,9.5
cus_1556,Starter,29,2023-05-23,,False,0.0,5.8
cus_1557,Growth,79,2024-03-30,,False,2.0,5.2
cus_1558,Starter,29,2024-05-05,2024-07-02,True,2.0,2.2
cus_1559,Growth,79,2023-10-01,,False,1.0,9.9
cus_1560,Starter,29,2023-02-15,2023-08-15,True,3.0,5.9
cus_1561,Starter,29,2024-03-01,2025-07-11,True,2.0,1.6
cus_1562,Starter,29,2023-08-21,,False,1.0,6.0
cus_1563,Starter,29,2023-10-21,2025-02-12,True,5.0,1.8
cus_1564,Growth,79,2023-04-26,,False,0.0,9.8
cus_1565,Enterprise,299,2023-08-18,,False,0.0,4.2
cus_1566,Enterprise,299,2024-01-01,2024-07-19,True,3.0,5.3
cus_1567,Starter,29,2023-03-28,,False,5.0,9.2
cus_1568,Growth,79,2023-07-02,,False,0.0,6.5
cus_1569,Starter,29,2023-07-05,,False,0.0,8.3
cus_1570,Starter,29,2023-11-05,,False,0.0,8.7
cus_1571,Starter,29,2023-04-17,2024-01-27,True,3.0,3.7
cus_1572,Growth,79,2023-09-29,,False,0.0,6.9
cus_1573,Growth,79,2023-03-20,,False,1.0,5.8
cus_1574,Enterprise,299,2023-06-02,,False,0.0,8.9
cus_1575,Starter,29,2023-06-01,,False,1.0,6.2
cus_1576,Growth,79,2024-05-04,,False,1.0,7.1
cus_1577,Starter,29,2024-03-13,,False,1.0,6.6
cus_1578,Starter,29,2023-04-03,2023-07-07,True,1.0,1.7
cus_1579,Starter,29,2024-01-30,,False,0.0,9.0
cus_1580,Starter,29,2024-05-07,,False,1.0,4.7
cus_1581,Starter,29,2023-12-08,2025-05-04,True,1.0,3.1
cus_1582,Growth,79,2023-09-09,,False,0.0,9.5
cus_1583,Growth,79,2024-06-30,,False,1.0,5.3
cus_1584,Growth,79,2023-08-24,,False,0.0,7.9
cus_1585,Growth,79,2024-03-07,,False,0.0,9.4
cus_1586,Growth,79,2023-08-13,,False,0.0,5.5
cus_1587,Starter,29,2023-01-03,2024-04-12,True,1.0,2.5
cus_1588,Starter,29,2024-04-30,,False,0.0,8.7
cus_1589,Enterprise,299,2023-03-03,,False,1.0,7.4
cus_1590,Starter,29,2023-05-23,2023-09-03,True,2.0,4.8
cus_1591,Growth,79,2024-03-07,,False,0.0,5.7
cus_1592,Growth,79,2023-02-27,,False,0.0,6.2
cus_1593,Starter,29,2023-05-27,,False,0.0,5.7
cus_1594,Starter,29,2024-03-10,,False,2.0,4.9
cus_1595,Growth,79,2023-03-17,,False,1.0,6.9
cus_1596,Growth,79,2023-06-11,2024-01-14,True,2.0,2.5
cus_1597,Starter,29,2023-09-08,2024-07-25,True,3.0,4.5
cus_1598,Growth,79,2024-03-02,2024-07-03,True,1.0,2.5
cus_1599,Starter,29,2023-05-24,,False,0.0,7.8
cus_1600,Growth,79,2023-11-03,,False,0.0,5.3
cus_1601,Growth,79,2024-03-30,,False,0.0,7.5
cus_1602,Growth,79,2023-10-21,2023-12-20,True,1.0,4.6
cus_1603,Enterprise,299,2023-02-02,,False,1.0,10.0
cus_1604,Starter,29,2023-06-14,2024-09-12,True,2.0,4.1
cus_1605,Starter,29,2024-04-10,,False,0.0,6.1
cus_1606,Growth,79,2024-05-28,,False,0.0,9.1
cus_1607,Starter,29,2023-06-10,2023-08-26,True,2.0,2.9
cus_1608,Growth,79,2023-05-09,,False,2.0,6.9
cus_1609,Starter,29,2023-02-27,2023-07-01,True,1.0,3.6
cus_1610,Growth,79,2023-03-21,,False,0.0,9.4
cus_1611,Starter,29,2023-11-17,,False,0.0,9.7
cus_1612,Starter,29,2024-01-25,2025-04-10,True,2.0,2.5
cus_1613,Starter,29,2024-03-10,2024-06-03,True,1.0,2.4
cus_1614,Starter,29,2024-01-07,,False,1.0,8.7
cus_1615,Growth,79,2023-01-29,,False,1.0,6.1
cus_1616,Starter,29,2023-04-20,2024-03-20,True,2.0,5.6
cus_1617,Starter,29,2023-11-13,2024-03-25,True,5.0,5.2
cus_1618,Growth,79,2023-02-03,,False,1.0,8.7
cus_1619,Starter,29,2023-02-15,,False,0.0,5.4
cus_1620,Growth,79,2023-02-16,2023-05-04,True,1.0,4.3
cus_1621,Enterprise,299,2023-01-09,,False,0.0,4.6
cus_1622,Growth,79,2024-02-12,,False,0.0,4.4
cus_1623,Starter,29,2024-02-05,,False,0.0,7.2
cus_1624,Enterprise,299,2023-04-10,,False,1.0,9.2
cus_1625,Enterprise,299,2024-05-30,,False,3.0,4.3
cus_1626,Growth,79,2023-06-03,2024-08-13,True,2.0,2.2
cus_1627,Starter,29,2023-02-08,2023-05-26,True,1.0,4.7
cus_1628,Growth,79,2023-03-22,,False,1.0,7.9
cus_1629,Starter,29,2023-08-26,,False,0.0,8.1
cus_1630,Growth,79,2023-05-25,,False,0.0,4.2
cus_1631,Starter,29,2024-05-28,,False,1.0,7.3
cus_1632,Growth,79,2024-06-19,,False,0.0,5.1
cus_1633,Starter,29,2023-05-15,2023-12-15,True,4.0,1.3
cus_1634,Growth,79,2024-03-17,2025-04-15,True,5.0,3.6
cus_1635,Growth,79,2024-02-01,,False,0.0,5.4
cus_1636,Enterprise,299,2023-03-18,,False,0.0,7.5
cus_1637,Growth,79,2024-05-24,2024-06-30,True,2.0,3.7
cus_1638,Starter,29,2023-11-13,,False,1.0,5.9
cus_1639,Enterprise,299,2023-03-31,,False,1.0,5.2
cus_1640,Starter,29,2023-06-23,,False,0.0,4.5
cus_1641,Starter,29,2023-10-14,,False,0.0,7.3
cus_1642,Starter,29,2023-03-14,2024-05-12,True,1.0,3.4
cus_1643,Starter,29,2024-04-29,,False,0.0,7.5
cus_1644,Growth,79,2024-03-28,,False,2.0,4.7
cus_1645,Starter,29,2023-05-07,,False,2.0,8.7
cus_1646,Starter,29,2024-01-08,,False,0.0,8.8
cus_1647,Starter,29,2023-05-13,,False,1.0,6.7
cus_1648,Growth,79,2023-11-18,,False,0.0,8.5
cus_1649,Growth,79,2024-06-02,,False,1.0,7.0
cus_1650,Enterprise,299,2023-02-13,,False,0.0,7.0
cus_1651,Growth,79,2023-09-08,,False,0.0,9.7
cus_1652,Growth,79,2023-06-08,,False,0.0,9.2
cus_1653,Starter,29,2023-06-12,,False,0.0,5.7
cus_1654,Enterprise,299,2023-08-17,,False,0.0,5.9
cus_1655,Starter,29,2023-04-06,2023-12-31,True,2.0,5.9
cus_1656,Growth,79,2024-04-21,2024-08-21,True,5.0,3.4
cus_1657,Growth,79,2024-02-11,,False,0.0,9.8
cus_1658,Starter,29,2023-12-03,2024-06-25,True,2.0,1.8
cus_1659,Enterprise,299,2024-05-12,,False,0.0,6.6
cus_1660,Growth,79,2023-04-28,,False,0.0,9.6
cus_1661,Starter,29,2023-06-09,,False,0.0,7.8
cus_1662,Starter,29,2023-08-07,2023-09-22,True,2.0,1.9
cus_1663,Enterprise,299,2024-01-25,2025-04-12,True,3.0,4.8
cus_1664,Starter,29,2024-03-16,,False,0.0,7.0
cus_1665,Starter,29,2023-08-05,,False,0.0,7.2
cus_1666,Enterprise,299,2024-03-09,,False,0.0,5.8
cus_1667,Growth,79,2023-03-27,2023-09-13,True,3.0,3.9
cus_1668,Starter,29,2023-11-02,,False,0.0,4.9
cus_1669,Starter,29,2024-03-05,,False,1.0,8.7
cus_1670,Growth,79,2023-09-23,2023-11-19,True,4.0,4.1
cus_1671,Starter,29,2024-03-14,2025-05-03,True,1.0,5.8
cus_1672,Starter,29,2023-07-23,2024-03-23,True,5.0,4.3
cus_1673,Starter,29,2023-06-14,,False,1.0,8.7
cus_1674,Starter,29,2024-02-03,,False,0.0,9.6
cus_1675,Growth,79,2023-07-23,2024-07-28,True,2.0,5.3
cus_1676,Growth,79,2023-05-29,,False,0.0,4.9
cus_1677,Enterprise,299,2023-11-21,2025-03-24,True,2.0,2.8
cus_1678,Starter,29,2023-06-01,,False,1.0,6.7
cus_1679,Starter,29,2024-02-21,2025-03-26,True,2.0,3.0
cus_1680,Starter,29,2024-04-06,,False,0.0,8.6
cus_1681,Enterprise,299,2024-04-05,,False,0.0,9.8
cus_1682,Growth,79,2023-02-07,,False,0.0,8.8
cus_1683,Enterprise,299,2024-03-06,,False,3.0,8.6
cus_1684,Growth,79,2024-01-22,,False,0.0,8.2
cus_1685,Starter,29,2023-07-15,,False,0.0,8.3
cus_1686,Growth,79,2023-01-15,,False,0.0,6.2
cus_1687,Starter,29,2023-11-06,,False,0.0,8.7
cus_1688,Growth,79,2023-05-08,,False,0.0,7.4
cus_1689,Growth,79,2024-04-11,,False,0.0,5.3
cus_1690,Starter,29,2024-03-12,,False,0.0,9.1
cus_1691,Growth,79,2023-04-27,,False,0.0,5.5
cus_1692,Starter,29,2024-01-18,2024-12-17,True,2.0,3.4
cus_1693,Starter,29,2024-03-22,,False,1.0,6.8
cus_1694,Growth,79,2024-03-23,,False,3.0,4.3
cus_1695,Growth,79,2023-04-12,,False,1.0,8.1
cus_1696,Growth,79,2023-04-17,2023-05-25,True,5.0,3.4
cus_1697,Growth,79,2024-02-26,2025-04-14,True,1.0,4.0
cus_1698,Growth,79,2023-04-13,,False,0.0,4.6
cus_1699,Growth,79,2023-02-03,,False,1.0,5.7
cus_1700,Enterprise,299,2023-08-05,,False,0.0,9.5
cus_1701,Starter,29,2024-01-26,2025-05-08,True,1.0,1.7
cus_1702,Starter,29,2023-05-08,,False,1.0,5.9
cus_1703,Growth,79,2024-04-20,,False,1.0,6.5
cus_1704,Growth,79,2024-02-10,2024-09-18,True,1.0,1.8
cus_1705,Growth,79,2024-06-03,,False,0.0,5.2
cus_1706,Enterprise,299,2023-09-28,,False,0.0,5.5
cus_1707,Enterprise,299,2024-02-29,,False,0.0,8.6
cus_1708,Starter,29,2024-02-29,2024-04-12,True,1.0,3.7
cus_1709,Starter,29,2024-01-19,,False,0.0,4.1
cus_1710,Growth,79,2023-11-22,,False,1.0,4.4
cus_1711,Enterprise,299,2024-03-16,,False,1.0,8.3
cus_1712,Enterprise,299,2023-07-17,,False,0.0,9.1
cus_1713,Starter,29,2023-02-22,,False,2.0,6.7
cus_1714,Growth,79,2023-05-12,,False,2.0,5.1
cus_1715,Starter,29,2023-06-27,,False,0.0,6.8
cus_1716,Starter,29,2023-06-12,,False,0.0,8.1
cus_1717,Starter,29,2023-05-10,,False,1.0,5.5
cus_1718,Growth,79,2024-02-06,,False,1.0,4.1
cus_1719,Growth,79,2023-09-24,,False,0.0,6.5
cus_1720,Starter,29,2023-11-27,2024-02-12,True,2.0,3.4
cus_1721,Starter,29,2023-01-12,,False,0.0,7.2
cus_1722,Growth,79,2023-01-29,,False,2.0,7.1
cus_1723,Growth,79,2023-03-22,,False,0.0,6.6
cus_1724,Starter,29,2023-05-14,,False,0.0,7.0
cus_1725,Growth,79,2024-01-02,2024-12-31,True,3.0,5.0
cus_1726,Enterprise,299,2023-11-01,,False,0.0,7.4
cus_1727,Growth,79,2024-01-23,,False,1.0,8.4
cus_1728,Growth,79,2023-10-09,2024-01-20,True,2.0,5.9
cus_1729,Growth,79,2023-04-16,2024-09-01,True,3.0,3.7
cus_1730,Growth,79,2023-04-20,2023-10-01,True,3.0,5.2
cus_1731,Enterprise,299,2023-04-06,2024-07-11,True,0.0,5.6
cus_1732,Starter,29,2023-08-01,,False,1.0,10.0
cus_1733,Starter,29,2023-01-23,,False,1.0,8.6
cus_1734,Starter,29,2023-03-20,2023-11-19,True,2.0,2.4
cus_1735,Starter,29,2023-11-18,,False,0.0,9.3
cus_1736,Starter,29,2023-06-14,2023-07-19,True,3.0,4.3
cus_1737,Enterprise,299,2023-02-02,,False,0.0,7.9
cus_1738,Starter,29,2023-12-22,,False,0.0,7.2
cus_1739,Growth,79,2023-01-06,2024-02-19,True,3.0,5.1
cus_1740,Starter,29,2023-05-05,2023-06-19,True,2.0,1.1
cus_1741,Growth,79,2024-06-14,,False,0.0,4.0
cus_1742,Starter,29,2024-01-09,2024-05-29,True,4.0,1.1
cus_1743,Starter,29,2023-05-22,2024-06-27,True,1.0,3.1
cus_1744,Growth,79,2023-05-10,,False,0.0,5.3
cus_1745,Starter,29,2023-04-05,2024-02-11,True,3.0,2.6
cus_1746,Growth,79,2024-04-23,,False,0.0,8.0
cus_1747,Starter,29,2024-06-08,,False,1.0,7.4
cus_1748,Enterprise,299,2023-09-14,,False,0.0,9.3
cus_1749,Growth,79,2023-10-15,,False,2.0,4.9
cus_1750,Starter,29,2023-11-16,2024-03-30,True,3.0,2.0
cus_1751,Enterprise,299,2024-05-14,,False,0.0,4.2
cus_1752,Starter,29,2023-10-06,,False,1.0,9.1
cus_1753,Growth,79,2024-01-28,,False,1.0,7.2
cus_1754,Growth,79,2024-01-18,,False,3.0,6.0
cus_1755,Growth,79,2024-04-05,2024-05-22,True,2.0,2.2
cus_1756,Enterprise,299,2023-09-17,,False,0.0,5.8
cus_1757,Starter,29,2024-06-27,,False,0.0,5.6
cus_1758,Starter,29,2023-07-04,,False,2.0,5.3
cus_1759,Starter,29,2023-07-10,,False,0.0,4.8
cus_1760,Starter,29,2024-01-16,,False,2.0,6.6
cus_1761,Growth,79,2023-05-06,2024-05-22,True,4.0,2.9
cus_1762,Starter,29,2023-12-03,2024-10-18,True,2.0,4.7
cus_1763,Growth,79,2023-08-27,,False,1.0,6.3
cus_1764,Starter,29,2023-08-06,,False,0.0,6.4
cus_1765,Starter,29,2023-10-12,,False,0.0,6.3
cus_1766,Enterprise,299,2023-03-18,,False,1.0,4.6
cus_1767,Growth,79,2024-03-21,,False,0.0,9.5
cus_1768,Starter,29,2023-07-21,2024-04-28,True,3.0,1.6
cus_1769,Starter,29,2023-10-09,,False,1.0,4.7
cus_1770,Starter,29,2023-06-25,,False,0.0,7.6
cus_1771,Growth,79,2023-08-31,,False,1.0,5.9
cus_1772,Starter,29,2023-01-05,,False,0.0,9.9
cus_1773,Starter,29,2024-02-17,2024-12-16,True,3.0,2.8
cus_1774,Enterprise,299,2023-02-10,,False,0.0,4.7
cus_1775,Starter,29,2024-04-26,2025-07-10,True,2.0,1.0
cus_1776,Starter,29,2023-11-05,2024-12-24,True,4.0,3.0
cus_1777,Starter,29,2023-03-23,,False,2.0,6.1
cus_1778,Starter,29,2023-02-18,,False,2.0,9.0
cus_1779,Growth,79,2024-04-10,,False,0.0,9.1
cus_1780,Growth,79,2023-05-05,,False,0.0,10.0
cus_1781,Enterprise,299,2023-04-16,2023-06-09,True,0.0,4.2
cus_1782,Growth,79,2023-05-23,2023-12-04,True,2.0,3.4
cus_1783,Enterprise,299,2024-03-22,,False,3.0,5.6
cus_1784,Starter,29,2024-01-13,,False,1.0,5.9
cus_1785,Growth,79,2023-01-06,,False,0.0,5.5
cus_1786,Enterprise,299,2023-09-23,,False,0.0,4.8
cus_1787,Starter,29,2023-02-19,,False,0.0,8.2
cus_1788,Starter,29,2023-12-04,,False,1.0,4.4
cus_1789,Growth,79,2024-01-24,,False,1.0,9.2
cus_1790,Starter,29,2023-05-22,,False,1.0,6.2
cus_1791,Starter,29,2023-11-23,,False,0.0,4.9
cus_1792,Growth,79,2024-02-28,,False,0.0,9.6
cus_1793,Growth,79,2024-06-18,,False,3.0,8.5
cus_1794,Growth,79,2024-05-16,,False,1.0,5.1
cus_1795,Starter,29,2024-05-09,2024-10-21,True,4.0,1.5
cus_1796,Growth,79,2023-03-26,,False,0.0,7.0
cus_1797,Growth,79,2023-09-06,,False,0.0,7.8
cus_1798,Growth,79,2023-07-30,,False,2.0,5.6
cus_1799,Starter,29,2024-05-21,2024-06-26,True,2.0,4.9
cus_1800,Growth,79,2024-04-24,,False,0.0,9.3
cus_1801,Starter,29,2023-04-18,2024-07-07,True,0.0,5.4
cus_1802,Growth,79,2024-06-24,,False,2.0,4.3
cus_1803,Starter,29,2023-11-16,,False,0.0,7.6
cus_1804,Growth,79,2024-05-31,2024-09-04,True,2.0,1.8
cus_1805,Starter,29,2024-01-08,,False,0.0,9.4
cus_1806,Starter,29,2024-06-09,2025-01-29,True,0.0,5.9
cus_1807,Starter,29,2023-10-12,,False,0.0,6.9
cus_1808,Growth,79,2023-04-15,2024-08-05,True,5.0,5.3
cus_1809,Starter,29,2023-04-23,2024-08-22,True,2.0,1.7
cus_1810,Starter,29,2023-10-01,2024-10-03,True,3.0,4.2
cus_1811,Growth,79,2023-12-27,,False,0.0,6.8
cus_1812,Enterprise,299,2023-03-28,,False,2.0,4.8
cus_1813,Starter,29,2024-02-11,,False,1.0,6.2
cus_1814,Growth,79,2023-02-24,,False,1.0,8.3
cus_1815,Starter,29,2023-02-20,,False,0.0,8.5
cus_1816,Growth,79,2024-03-08,2024-07-12,True,4.0,2.0
cus_1817,Starter,29,2023-10-10,,False,0.0,4.8
cus_1818,Starter,29,2024-03-19,2024-05-13,True,5.0,2.1
cus_1819,Growth,79,2023-04-24,,False,0.0,4.6
cus_1820,Starter,29,2023-02-06,,False,0.0,9.3
cus_1821,Starter,29,2024-06-28,2024-11-20,True,1.0,2.1
cus_1822,Enterprise,299,2024-02-19,,False,0.0,8.0
cus_1823,Starter,29,2023-10-02,,False,0.0,9.8
cus_1824,Starter,29,2023-07-28,2024-01-21,True,3.0,3.6
cus_1825,Growth,79,2023-10-22,,False,0.0,9.3
cus_1826,Starter,29,2024-05-30,,False,1.0,4.8
cus_1827,Growth,79,2023-11-09,,False,0.0,8.0
cus_1828,Growth,79,2023-06-24,,False,0.0,9.6
cus_1829,Starter,29,2023-07-11,2024-03-30,True,0.0,5.5
cus_1830,Starter,29,2023-01-14,,False,0.0,4.3
cus_1831,Starter,29,2023-01-22,2023-07-06,True,1.0,1.9
cus_1832,Enterprise,299,2023-06-24,,False,0.0,4.2
cus_1833,Enterprise,299,2023-12-27,,False,1.0,5.0
cus_1834,Growth,79,2024-05-15,,False,0.0,7.4
cus_1835,Starter,29,2023-02-16,,False,0.0,6.1
cus_1836,Growth,79,2023-10-25,,False,1.0,8.9
cus_1837,Growth,79,2023-06-21,,False,0.0,6.7
cus_1838,Growth,79,2023-04-13,,False,0.0,7.7
cus_1839,Growth,79,2024-04-08,,False,0.0,4.7
cus_1840,Starter,29,2023-09-21,,False,0.0,8.6
cus_1841,Starter,29,2024-04-14,2024-11-10,True,5.0,2.7
cus_1842,Starter,29,2023-12-08,,False,2.0,5.5
cus_1843,Growth,79,2024-05-10,2025-05-26,True,4.0,3.4
cus_1844,Growth,79,2023-01-22,2023-09-19,True,2.0,4.3
cus_1845,Enterprise,299,2023-05-26,,False,1.0,6.1
cus_1846,Starter,29,2024-03-17,,False,0.0,4.4
cus_1847,Growth,79,2023-07-18,,False,0.0,7.9
cus_1848,Starter,29,2023-04-21,,False,3.0,4.8
cus_1849,Enterprise,299,2024-04-05,,False,0.0,6.7
cus_1850,Enterprise,299,2023-06-29,,False,0.0,7.3
cus_1851,Growth,79,2023-12-06,,False,0.0,9.2
cus_1852,Starter,29,2023-10-10,2023-11-30,True,2.0,3.2
cus_1853,Growth,79,2023-12-18,,False,4.0,4.5
cus_1854,Starter,29,2024-04-10,,False,2.0,7.0
cus_1855,Growth,79,2023-12-22,,False,0.0,9.6
cus_1856,Enterprise,299,2024-05-25,,False,5.0,5.2
cus_1857,Starter,29,2023-06-03,,False,1.0,5.3
cus_1858,Starter,29,2023-06-16,2023-12-10,True,0.0,4.7
cus_1859,Starter,29,2023-10-29,2023-12-18,True,2.0,4.0
cus_1860,Starter,29,2023-05-07,2023-11-09,True,1.0,5.3
cus_1861,Starter,29,2023-12-27,,False,0.0,8.8
cus_1862,Starter,29,2023-09-15,2025-01-06,True,2.0,2.2
cus_1863,Starter,29,2024-05-29,,False,2.0,7.2
cus_1864,Growth,79,2023-06-08,,False,0.0,4.6
cus_1865,Growth,79,2023-05-27,,False,0.0,7.8
cus_1866,Starter,29,2023-03-24,2023-05-09,True,3.0,5.2
cus_1867,Starter,29,2023-12-30,2025-01-10,True,3.0,1.8
cus_1868,Growth,79,2024-03-08,,False,2.0,7.7
cus_1869,Enterprise,299,2023-09-25,,False,2.0,5.7
cus_1870,Growth,79,2023-06-27,,False,3.0,9.7
cus_1871,Growth,79,2023-11-27,,False,0.0,9.4
cus_1872,Starter,29,2023-07-24,2024-03-23,True,5.0,5.5
cus_1873,Growth,79,2023-11-05,,False,0.0,4.8
cus_1874,Starter,29,2024-04-17,,False,2.0,4.0
cus_1875,Starter,29,2024-03-23,2025-01-16,True,1.0,3.8
cus_1876,Starter,29,2023-11-17,,False,0.0,9.5
cus_1877,Growth,79,2024-01-02,,False,1.0,9.8
cus_1878,Starter,29,2024-03-06,,False,0.0,6.5
cus_1879,Starter,29,2023-01-28,,False,0.0,8.9
cus_1880,Starter,29,2023-05-24,,False,1.0,8.8
cus_1881,Starter,29,2023-09-06,,False,3.0,5.5
cus_1882,Starter,29,2023-10-28,2025-02-01,True,3.0,4.2
cus_1883,Starter,29,2024-02-17,,False,0.0,5.2
cus_1884,Starter,29,2024-06-14,,False,1.0,4.4
cus_1885,Starter,29,2023-02-26,2024-08-13,True,5.0,2.4
cus_1886,Growth,79,2023-12-08,,False,2.0,4.7
cus_1887,Growth,79,2024-05-08,,False,1.0,9.7
cus_1888,Enterprise,299,2023-05-05,,False,0.0,6.7
cus_1889,Growth,79,2023-02-24,,False,1.0,8.6
cus_1890,Growth,79,2024-05-22,2025-09-22,True,0.0,1.6
cus_1891,Growth,79,2023-06-08,,False,0.0,4.6
cus_1892,Starter,29,2023-01-07,,False,1.0,6.8
cus_1893,Growth,79,2023-07-25,2023-08-24,True,3.0,2.5
cus_1894,Starter,29,2023-05-04,,False,0.0,8.5
cus_1895,Starter,29,2023-04-17,,False,0.0,4.4
cus_1896,Growth,79,2024-03-30,,False,3.0,9.5
cus_1897,Enterprise,299,2023-11-04,,False,0.0,5.6
cus_1898,Enterprise,299,2023-08-29,,False,4.0,6.3
cus_1899,Growth,79,2024-03-25,,False,2.0,4.7
cus_1900,Growth,79,2024-03-18,2024-04-28,True,2.0,3.9
cus_1901,Starter,29,2023-09-04,2024-10-17,True,4.0,4.5
cus_1902,Growth,79,2023-07-25,,False,1.0,8.6
cus_1903,Starter,29,2023-04-13,,False,0.0,4.6
cus_1904,Starter,29,2023-10-09,,False,5.0,7.6
cus_1905,Growth,79,2023-04-20,,False,0.0,6.2
cus_1906,Growth,79,2023-06-01,2024-02-20,True,4.0,4.3
cus_1907,Starter,29,2024-02-03,2024-08-06,True,4.0,5.8
cus_1908,Starter,29,2024-03-31,2025-08-07,True,2.0,4.2
cus_1909,Starter,29,2023-05-23,,False,2.0,5.7
cus_1910,Growth,79,2023-10-11,2024-01-30,True,3.0,2.4
cus_1911,Starter,29,2024-05-30,2025-10-04,True,1.0,3.5
cus_1912,Growth,79,2024-02-04,,False,0.0,9.0
cus_1913,Starter,29,2023-06-05,,False,4.0,4.5
cus_1914,Growth,79,2023-12-14,,False,0.0,8.8
cus_1915,Enterprise,299,2023-05-24,,False,0.0,7.0
cus_1916,Growth,79,2023-11-07,,False,0.0,8.0
cus_1917,Starter,29,2024-05-10,,False,0.0,8.7
cus_1918,Starter,29,2023-07-04,,False,1.0,7.4
cus_1919,Enterprise,299,2024-06-22,,False,1.0,6.3
cus_1920,Growth,79,2023-12-23,,False,0.0,9.6
cus_1921,Growth,79,2023-03-11,2024-06-19,True,2.0,4.0
cus_1922,Growth,79,2023-08-26,2023-11-18,True,2.0,5.0
cus_1923,Starter,29,2024-05-02,2024-09-27,True,5.0,3.9
cus_1924,Enterprise,299,2023-08-31,,False,0.0,8.6
cus_1925,Enterprise,299,2024-01-29,,False,0.0,8.0
cus_1926,Starter,29,2023-03-07,2023-08-12,True,5.0,3.1
cus_1927,Starter,29,2023-03-16,,False,0.0,8.5
cus_1928,Starter,29,2023-01-31,,False,0.0,8.7
cus_1929,Starter,29,2024-04-05,,False,2.0,7.4
cus_1930,Enterprise,299,2023-07-24,,False,0.0,9.6
cus_1931,Starter,29,2023-10-20,2024-12-02,True,4.0,4.1
cus_1932,Starter,29,2024-06-25,,False,1.0,8.0
cus_1933,Starter,29,2023-01-25,,False,0.0,7.4
cus_1934,Growth,79,2023-07-28,2023-11-06,True,0.0,5.7
cus_1935,Enterprise,299,2024-01-04,,False,0.0,9.5
cus_1936,Growth,79,2023-03-15,,False,1.0,8.4
cus_1937,Growth,79,2024-06-24,,False,1.0,5.5
cus_1938,Growth,79,2024-04-30,,False,1.0,6.1
cus_1939,Starter,29,2023-05-22,,False,3.0,5.5
cus_1940,Starter,29,2024-01-21,,False,0.0,4.3
cus_1941,Growth,79,2023-05-11,,False,0.0,9.9
cus_1942,Starter,29,2023-05-01,,False,0.0,8.8
cus_1943,Starter,29,2023-12-05,2025-02-27,True,1.0,4.9
cus_1944,Enterprise,299,2023-09-15,,False,0.0,5.9
cus_1945,Starter,29,2023-06-11,,False,0.0,6.1
cus_1946,Starter,29,2023-09-05,,False,1.0,9.1
cus_1947,Enterprise,299,2024-05-27,,False,2.0,6.0
cus_1948,Growth,79,2023-04-24,,False,1.0,8.4
cus_1949,Enterprise,299,2023-09-27,,False,1.0,5.4
cus_1950,Starter,29,2024-03-07,2024-09-24,True,4.0,1.5
cus_1951,Enterprise,299,2023-03-02,,False,1.0,7.8
cus_1952,Growth,79,2023-12-04,,False,0.0,7.0
cus_1953,Growth,79,2023-03-05,,False,0.0,6.3
cus_1954,Starter,29,2023-02-06,2023-04-13,True,1.0,4.5
cus_1955,Enterprise,299,2023-03-24,,False,0.0,8.8
cus_1956,Starter,29,2023-05-13,2023-07-03,True,4.0,4.8
cus_1957,Starter,29,2024-05-23,,False,3.0,5.9
cus_1958,Growth,79,2024-03-17,,False,0.0,7.5
cus_1959,Growth,79,2023-08-22,2023-10-19,True,5.0,4.5
cus_1960,Starter,29,2023-07-20,,False,0.0,8.5
cus_1961,Enterprise,299,2023-01-19,,False,0.0,6.4
cus_1962,Starter,29,2024-01-22,,False,1.0,5.2
cus_1963,Starter,29,2024-03-13,,False,0.0,7.6
cus_1964,Starter,29,2023-05-01,,False,2.0,6.4
cus_1965,Enterprise,299,2024-01-12,,False,0.0,8.3
cus_1966,Starter,29,2023-03-01,2023-05-17,True,2.0,3.0
cus_1967,Growth,79,2023-08-21,,False,2.0,4.6
cus_1968,Growth,79,2023-02-16,,False,3.0,8.9
cus_1969,Starter,29,2023-09-13,,False,2.0,5.8
cus_1970,Starter,29,2023-05-10,,False,0.0,4.5
cus_1971,Starter,29,2023-11-18,2024-11-17,True,5.0,3.2
cus_1972,Enterprise,299,2023-10-27,,False,0.0,7.3
cus_1973,Starter,29,2023-05-06,,False,1.0,5.6
cus_1974,Starter,29,2023-07-30,,False,0.0,9.0
cus_1975,Growth,79,2024-01-01,,False,4.0,5.5
cus_1976,Enterprise,299,2024-03-30,,False,0.0,7.9
cus_1977,Enterprise,299,2023-10-27,,False,0.0,4.1
cus_1978,Starter,29,2023-10-01,2024-08-03,True,1.0,1.1
cus_1979,Growth,79,2023-02-25,,False,1.0,9.0
cus_1980,Starter,29,2024-05-12,2024-09-23,True,2.0,3.8
cus_1981,Enterprise,299,2024-06-17,,False,0.0,6.5
cus_1982,Growth,79,2023-08-04,2024-09-08,True,4.0,3.9
cus_1983,Growth,79,2023-05-26,2023-10-23,True,3.0,5.4
cus_1984,Growth,79,2024-04-09,,False,3.0,8.5
cus_1985,Starter,29,2023-02-04,2024-01-01,True,3.0,5.9
cus_1986,Starter,29,2023-03-28,2024-07-07,True,4.0,2.3
cus_1987,Growth,79,2024-05-22,2025-01-02,True,2.0,5.5
cus_1988,Starter,29,2023-02-15,2023-09-27,True,5.0,2.6
cus_1989,Starter,29,2024-03-17,,False,0.0,9.7
cus_1990,Growth,79,2023-02-02,,False,0.0,9.2
cus_1991,Starter,29,2023-01-27,,False,4.0,5.5
cus_1992,Growth,79,2023-12-11,,False,0.0,4.8
cus_1993,Enterprise,299,2023-08-10,,False,4.0,8.7
cus_1994,Starter,29,2024-03-20,,False,0.0,6.9
cus_1995,Growth,79,2023-02-28,,False,0.0,8.8
cus_1996,Growth,79,2023-10-22,,False,1.0,8.3
cus_1997,Enterprise,299,2024-04-19,,False,1.0,7.9
cus_1998,Growth,79,2024-06-15,,False,0.0,9.9
cus_1999,Enterprise,299,2024-04-23,,False,0.0,7.4
